{"resourceType":"PlanDefinition","id":"IMMZD2DTMeaslesCI","meta":{"profile":["http://hl7.org/fhir/uv/cpg/StructureDefinition/cpg-recommendationdefinition"]},"extension":[{"url":"http://hl7.org/fhir/uv/cpg/StructureDefinition/cpg-knowledgeCapability","valueCode":"computable"}],"url":"http://health.go.ke/ig/smart-immunizations-measles/PlanDefinition/IMMZD2DTMeaslesCI","version":"0.1.0","name":"IMMZD2DTMeaslesContraindication","title":"IMMZ.D2.DT.Measles.Contraindication","type":{"coding":[{"system":"http://terminology.hl7.org/CodeSystem/plan-definition-type","code":"eca-rule"}]},"status":"draft","experimental":false,"date":"2023-10-26T09:51:00+00:00","publisher":"Kenya MOH","contact":[{"name":"Kenya MOH","telecom":[{"system":"url","value":"http://health.go.ke"}]}],"description":"Check contraindications for Measles vaccine","library":["http://smart.who.int/ig/smart-immunizations-measles/Library/IMMZD2DTMeasles"],"action":[{"title":"Check Contraindication for Measles Immunization","description":"Contraindication for measles immunization","condition":[{"kind":"applicability","expression":{"description":"MCV Dose Contraindicated","language":"text/cql-identifier","expression":"MCV Dose Contraindicated"}}],"type":{"coding":[{"code":"update"}]},"definitionCanonical":"http://health.go.ke/ig/smart-immunizations-measles/ActivityDefinition/IMMZD2DTMeaslesCIMR"},{"title":"Evaluate Contraindication for Measles","description":"Provide further evaluation for measles contraindication","condition":[{"kind":"applicability","expression":{"description":"Contraindication Evaluation of the MCV dose","language":"text/cql-identifier","expression":"Contraindication Evaluation of the MCV dose"}}],"definitionCanonical":"http://health.go.ke/ig/smart-immunizations-measles/ActivityDefinition/IMMZD2DTMeaslesEval"}]}